[{
	"city": "Helsinki",
	"currency": "EUR",
	"delivery_price": 390,
	"description": "Japanilaista ramenia parhaimmillaan",
	"image": "https://prod-wolt-venue-images-cdn.wolt.com/5d108aa82e757db3f4946ca9/d88ebd36611a5e56bfc6a60264fe3f81",
	"location": [
		24.941786527633663,
		60.169934599421396
	],
	"name": "Momotoko Citycenter",
	"online": false,
	"tags": [
		"ramen",
		"risotto"
	],
	"blurhash": "j2DUFG8jbu8AXuLIT5Tt0B01R2;;"
}, {
	"city": "Turku",
	"currency": "EUR",
	"delivery_price": 390,
	"description": "Online Test",
	"image": "https://prod-wolt-venue-images-cdn.wolt.com/5d108aa82e757db3f4946ca9/d88ebd36611a5e56bfc6a60264fe3f81",
	"location": [
		24.941786527633663,
		60.169934599421396
	],
	"name": "Turussa Citycenter",
	"online": false,
	"tags": [
		"ramen",
		"risotto"
	],
	"blurhash": "j2DUFG8jbu8AXuLIT5Tt0B01R2;;"
}]